{
  "images" : [
    {
      "idiom" : "universal",
      "filename" : "nordic_logo-33p.png",
      "scale" : "1x"
    },
    {
      "idiom" : "universal",
      "filename" : "nordic_logo-66p.png",
      "scale" : "2x"
    },
    {
      "idiom" : "universal",
      "filename" : "nordic_logo.png",
      "scale" : "3x"
    },
    {
      "idiom" : "ipad",
      "filename" : "nordic_logo-50p.png",
      "scale" : "1x"
    },
    {
      "idiom" : "ipad",
      "filename" : "nordic_logo-1.png",
      "scale" : "2x"
    }
  ],
  "info" : {
    "version" : 1,
    "author" : "xcode"
  }
}